"(b'%\xc3\xb06\x0b.\x08tEs9\xc9\xfc\x85\x19\x16', b'DF\x9e\xd0\xcd\x0ez\xcf""\x131\xec\x8e1~.', b""\x9a\xccxH9'\x11\x1az\x88f(\xcf\xea\x89\x1a"", b'\x16h:\xb0\xb1\xa5\xd9\xe8,\xabb\xaf\xeb\x9d\x8d\xb0', b'2\xa5\x1f3\xd9\x88\x1d\xa4\x8c\x03\x9f\xec*-\x91\xaa', b'\x7f\x1c`4<Q\xed\xbd\xb1\x88V\x101$\xf2\x1e', b'\xf9\xfa\xd9\xe5\xd1\xc2\xba\x9d\xefc{F\x06~\xad\xd2', b'\xca\x11\xaf\xb5\xe5j\x873F<\x8c\xf3n\xc2\x0e\x83')","(b'v\\|J\xda\x03\xd0\x97oh.IV7\x19k', b'\xba)\xbc\xd2\x16\x90\xb6\\1wO\xbd\xce*Z\xbe', b'3\xaevs<\xa4i\xd0\xda6\xaa\x03k*n\x1d', b'\x9a`=\x0bG\xef(TY\x1d\xcc\xdb\x06o\xbf>', b'\x02"";\xfa\xfc\x11\x8f\xad\x80|\x86\xf1\xc21.\x17', b'.\x0fdd\xb2\xa9e\xdc\x92\xd3\xb7\xe4\x911\xf51', b'\xd6\xd8\xccr\x9d#\xc2\xa0!\xff\xe7\xc8\xb2\xdfg\xb3', b'\x0f+\x9f\x81\xe4\x81^\xbdI\x90\x98\xcc5\xa1n\x7f')","(b'r\x1a\xcc\x893w\x99+\x9ag\x93\x7f OM ', b'\xb1\x86\xda\x8exi\x0e\xf4N\xcd\x0b\x8f\xa5\x10D\xbd', b'\xb9\x0c\xb7w\x9d1\x1c\x8b\xfd\xd2\x1c\x03>Z\xd4\xc3', b'g\xab\x03\xab\x07\xd3\x80\xf3Tzg\xd0n\xf0\x80\x13', b'\x9d\xa7\x17E\xe13?\xb4)\xf9\n\xc3\xc3\xa1\x9f\xc1', b'\xc0|eT\xd9\x97\x9b\x81Z$C\xa0\xcbide', b'\xf4\xc6\xeb\x83\xa4-2\xfe\x0cT+\x97f_\xd3\x94', b'0\x8b\x0c\xbb<Sz\xce\x9b\xbeN\xb2\x1d\x8c*\xbe', b'@R?\x00x\xd32J\xcf>\xadP\xc9\xed\x8b\xe3', b'\xd8\xcd.y\xd9\xb88\x9db\x8e\x1cAIO!\x92', b'\xee\x00z2\xf8\xf8\xbf\xf2\x9f\x1c \xbbM\x10\t\xbd', b'9\xd6\xb3V\xe2-[\xaaW\xd8\x05\xbeV\xf8w\xed', b'\x95~\x1b\x91-\xac\xe2>\x89A\xd7\xa0\xd6\x81\xb8\xc8', b'\x83\x19\xa0\x85j\xc3\x9fW\xef*>\xa7P\xe0e\x04', b'\x9d,K\xcd\x0bH~\x9bw\x99R\x18\xd9\xad5b', b'\xaa@\xd7\x95\t7lCl\xd1\x92\xd94V\xa7\xfa', b'\xb7\x10\xcauu\x12\x06\xe4]a\x82\x8e\xa0\x8bb\xa1', b'2~\x1f\x02\xbc{\xe7\xad\xe1\xa2>\xffs\xa1v=', b'\xf7\x7fz\x94\x1c\xa1C\x99\xe9\xa5*\x91J=\x10\xc6', b'\x13\x8a\x12Ur\xfc\xd6\x91h*\x98\xec\xce\xc8\xaa\x86')","(b'\xaa|\x87\xa2G\x94\x88t\x97\xefz:\xbfc\xeb\x11', b'\xe4\xf6<\x8211\xa9\xf7\x032\x06>}T\xc1\xf2', b'L)\x05\t$\x86y\xcbi\x1c*i\xb2\x84\xb6i', b'Z\xcek\xfa\xd4\xc3l\x02\xd6\x90\x10)\x1e\xf4\x16\x00', b'\xe1\x9c\x19_#7LS\xeb!y:)q(\x9e', b'Z%\xfb6t\xd3\x95\xb2\xef\xa6&v\xd2\xd3\xe2\x1d', b""\t\xf5j\xc6\x1c\xd8\xe5W\x8f\x80$'UN\xfc\x14"", b'0\xdfw\x88b\xb1\xac\x1fM\x10\xcf\xae\x0er\x0bC', b'\xc3\xc2\xf7\x85\x83\xddM\xdbpT\x0c\xcd\xe3\xa1\x05S', b'\x9e\x9a\xc0\n\x9a\xf3\x90uG\x01\xb5~4\xe9iz')","(b'\x9cN\xb1\xea!^\xabs\xbac\xba\xd6\xffH\x93\x95', b'\xaf0\x97\xa0\x19\xef\xa1o\xc0\x90up\xfbZ\xea$', b'\x02]\xae\xf4M\\\x16\x87y\x87\x18\xdfC\x8c\xe4\xfa', b'\xe0\xe9\xe6g\xad-q\x93\xe6\x07B~\xdbd\x1dD', b'\xee-;\x1d\x9a\xc9\xa5D\xa1#\x9b\xd7\x9e\xea\xd3\x9e', b'=\x97\xa6\xd4\xaa^\xfd\x11\x1f\x1fa\xfcZ\t_\xc7', b'\x83\xe0\x19\xc4\x0464\xc7c\xbcQh\xcf\xb1\xab\x8a', b'\xba\t\x023 \xc3)N\xa7\xe6|\x82\nV+\x8d')","(b'\xa7O\xaa\x1bL\x17\x1b\xe8\x13\xb7\\S\x7f\xb8\xe3x', b'\xb3\xba\x95\xee\xd1\xc0\xbeb\x7f\xab+\x802\xa5\xae\x8f', b""+O\xe0AI\x9b\xb1\x84\x1d}\xde=\xd6'\xb4g"", b'\xb2#\xc0\x82s\xf1\t\xfe*\xdcm3d\x814\x83', b'H\x9b\x07y>\x07\x03\x18\xf1\xeaomVx\x9b\xaa', b'\x87Vb\xd66TR\xdd\x05\xf2\xc9[\x03l\x1c\n', b'T)<\x13n\x0e\x94\xa9\xdf\x0b\xa5\xb3v\xf5\xc0\xaa', b'\xa5\x1c\x1a\xc9\xd4\x01\xbd\xa7\x18\xd9A\xec+\xc1\xba\xb8', b'\x03\xd1\xf8\xa1\x9aH\xee\t\x93\x01D\x9e\xadF\\X', b""\xac'\xec\xf7\x18\xa7N\x10#\x17$\x04\x84\x9d*\x91"", b""U\xf1\x18'$\xa2\x03Q\xfdvkDrf\xef\xc2"", b'\xf6\xc6\xce@\x0b\\{(\x17\x95\xa7\xf9\xe3\xfa\xb1e')"
b'\xe0\xce)7o\xaa\xde}\x89\xb3\xa0Y\xd5\xd0\xe4P',b'8\xf98g\xab\x1f)\x88\r\x8b\x02\xc4\xf3\x80\xffa',b'[bD\xa0V;\xc7\xe7\x8a\xffe\xd4\xa2\r\xe5\xa7',b'\xf6\xbc{Ag\x04\x921\xf9\x82\xbe\xe1\xbaG\xd7i',b'\xf7\xb8\xd75p\xda\x99\x98\xbc)\x80\x00\xbf<\xa4%',b'\xbb\xd5*\xdd\x0e\xd5:\x18RoYE\nK\xef\x85'
b'\xe0\xce)7o\xaa\xde}\x89\xb3\xa0Y\xd5\xd0\xe4P',b'8\xf98g\xab\x1f)\x88\r\x8b\x02\xc4\xf3\x80\xffa',b'[bD\xa0V;\xc7\xe7\x8a\xffe\xd4\xa2\r\xe5\xa7',b'w2\xbb\xb0\xf5\xe2\x88\x80\xc1_\xe3\xfdhe\xc10',b'\xf7\xb8\xd75p\xda\x99\x98\xbc)\x80\x00\xbf<\xa4%',"b""b<\xdd\x8b\x7f.\r1'\xa0T\xd8\x07\x9fl\xe5"""
b'\xe0\xce)7o\xaa\xde}\x89\xb3\xa0Y\xd5\xd0\xe4P',b'8\xf98g\xab\x1f)\x88\r\x8b\x02\xc4\xf3\x80\xffa',b'[bD\xa0V;\xc7\xe7\x8a\xffe\xd4\xa2\r\xe5\xa7',b'w2\xbb\xb0\xf5\xe2\x88\x80\xc1_\xe3\xfdhe\xc10',b'\xa5(\xd0|6;\xca\xf6\x89\xb0\n\xf6\xee5z\x8c',"b""b<\xdd\x8b\x7f.\r1'\xa0T\xd8\x07\x9fl\xe5"""
b'\xe0\xce)7o\xaa\xde}\x89\xb3\xa0Y\xd5\xd0\xe4P',"b""\xf7'\xe9W\xe1\xc7\x8e2F\x15\xbbw\xc4\xbf\x86\x9b""",b'[bD\xa0V;\xc7\xe7\x8a\xffe\xd4\xa2\r\xe5\xa7',b'w2\xbb\xb0\xf5\xe2\x88\x80\xc1_\xe3\xfdhe\xc10',b'\xf7\xb8\xd75p\xda\x99\x98\xbc)\x80\x00\xbf<\xa4%',"b""b<\xdd\x8b\x7f.\r1'\xa0T\xd8\x07\x9fl\xe5"""
"b'\x93\x16\x16f\xb8\x16\xb5\xf9\x95\x95\x80\xa4,\xb8*\x16'",b'8\xf98g\xab\x1f)\x88\r\x8b\x02\xc4\xf3\x80\xffa',b'[bD\xa0V;\xc7\xe7\x8a\xffe\xd4\xa2\r\xe5\xa7',b'w2\xbb\xb0\xf5\xe2\x88\x80\xc1_\xe3\xfdhe\xc10',b'\xf7\xb8\xd75p\xda\x99\x98\xbc)\x80\x00\xbf<\xa4%',"b""b<\xdd\x8b\x7f.\r1'\xa0T\xd8\x07\x9fl\xe5"""
b'(T\x9b\xb6\xed%2\x8f\xa8{\x87N<\xa6.]',b'8\xf98g\xab\x1f)\x88\r\x8b\x02\xc4\xf3\x80\xffa',b'[bD\xa0V;\xc7\xe7\x8a\xffe\xd4\xa2\r\xe5\xa7',b'w2\xbb\xb0\xf5\xe2\x88\x80\xc1_\xe3\xfdhe\xc10',b'\xf7\xb8\xd75p\xda\x99\x98\xbc)\x80\x00\xbf<\xa4%',"b""b<\xdd\x8b\x7f.\r1'\xa0T\xd8\x07\x9fl\xe5"""
b'\xe0\xce)7o\xaa\xde}\x89\xb3\xa0Y\xd5\xd0\xe4P',b'8\xf98g\xab\x1f)\x88\r\x8b\x02\xc4\xf3\x80\xffa',b'[bD\xa0V;\xc7\xe7\x8a\xffe\xd4\xa2\r\xe5\xa7',b'w2\xbb\xb0\xf5\xe2\x88\x80\xc1_\xe3\xfdhe\xc10',b'\xf7\xb8\xd75p\xda\x99\x98\xbc)\x80\x00\xbf<\xa4%',"b""b<\xdd\x8b\x7f.\r1'\xa0T\xd8\x07\x9fl\xe5"""
b'\xf2^c\xe1\xf5\x96@HD;\xad\n\xc4\x0f\r\x8e',b'8\xf98g\xab\x1f)\x88\r\x8b\x02\xc4\xf3\x80\xffa',b'[bD\xa0V;\xc7\xe7\x8a\xffe\xd4\xa2\r\xe5\xa7',b'w2\xbb\xb0\xf5\xe2\x88\x80\xc1_\xe3\xfdhe\xc10',b'\xf7\xb8\xd75p\xda\x99\x98\xbc)\x80\x00\xbf<\xa4%',"b""b<\xdd\x8b\x7f.\r1'\xa0T\xd8\x07\x9fl\xe5"""
b'\xe0\xce)7o\xaa\xde}\x89\xb3\xa0Y\xd5\xd0\xe4P',b'8\xf98g\xab\x1f)\x88\r\x8b\x02\xc4\xf3\x80\xffa',b'\xe8V\rf\x7f\xf2\xd4\xf9+\x9d\xb4\xbf\x86\xb1\xf7\x8d',b'w2\xbb\xb0\xf5\xe2\x88\x80\xc1_\xe3\xfdhe\xc10',b'\xf7\xb8\xd75p\xda\x99\x98\xbc)\x80\x00\xbf<\xa4%',"b""b<\xdd\x8b\x7f.\r1'\xa0T\xd8\x07\x9fl\xe5"""
b'\xe0\xce)7o\xaa\xde}\x89\xb3\xa0Y\xd5\xd0\xe4P',"b""\xf7'\xe9W\xe1\xc7\x8e2F\x15\xbbw\xc4\xbf\x86\x9b""",b'[bD\xa0V;\xc7\xe7\x8a\xffe\xd4\xa2\r\xe5\xa7',b'\xf6\xbc{Ag\x04\x921\xf9\x82\xbe\xe1\xbaG\xd7i',b'\xf7\xb8\xd75p\xda\x99\x98\xbc)\x80\x00\xbf<\xa4%',"b""b<\xdd\x8b\x7f.\r1'\xa0T\xd8\x07\x9fl\xe5"""
